{
  "IcoMoonType": "selection",
  "icons": [
    {
      "icon": {
        "paths": [
          "M1349.427 20.421c-26.701-27.228-70.007-27.228-96.717 0l-819.398 835.276-314.963-321.062c-26.708-27.228-70.009-27.226-96.723 0-26.711 27.226-26.711 71.367 0 98.595l363.324 370.358c26.7 27.221 70.034 27.204 96.723 0l867.754-884.57c26.718-27.226 26.709-71.369 0-98.597z"
        ],
        "attrs": [],
        "width": 1451,
        "isMulticolor": false,
        "isMulticolor2": false,
        "grid": 0,
        "tags": [
          "check"
        ],
        "colorPermutations": {}
      },
      "attrs": [],
      "properties": {
        "order": 2,
        "id": 11,
        "name": "check",
        "prevSize": 32
      },
      "setIdx": 0,
      "setId": 2,
      "iconIdx": 0
    },
    {
      "icon": {
        "paths": [
          "M757.242 86.050h51.634c9.68 0 17.209-7.529 17.209-17.21v-34.42c0-9.681-7.529-17.21-17.209-17.21h-791.666c-9.681 0-17.21 7.529-17.21 17.21v34.42c0 9.68 7.529 17.21 17.21 17.21h51.63c0 198.992 95.193 343.126 200.605 413.042-105.412 69.916-200.605 214.052-200.605 413.045h-51.63c-9.681 0-17.21 7.529-17.21 17.209v34.418c0 9.68 7.529 17.209 17.21 17.209h791.666c9.68 0 17.209-7.529 17.209-17.209v-34.418c0-9.68-7.529-17.209-17.209-17.209h-51.634c0-198.993-95.19-343.129-200.603-413.045 105.414-69.916 200.603-214.050 200.603-413.042zM688.405 86.050c0 78.521-17.751 147.899-45.719 206.521h-459.292c-27.966-58.622-45.714-128-45.714-206.521h550.725zM657.745 740.033h-489.409c39.799-103.797 111.328-177.478 182.857-206.52h123.697c71.529 29.042 143.057 102.723 182.854 206.52z"
        ],
        "attrs": [],
        "width": 843,
        "isMulticolor": false,
        "isMulticolor2": false,
        "grid": 0,
        "tags": [
          "clock"
        ],
        "colorPermutations": {}
      },
      "attrs": [],
      "properties": {
        "order": 3,
        "id": 10,
        "name": "clock",
        "prevSize": 32
      },
      "setIdx": 0,
      "setId": 2,
      "iconIdx": 1
    },
    {
      "icon": {
        "paths": [
          "M609.346 578.151l-550.724-550.722c-6.454-6.992-15.059-10.219-24.202-10.219-4.303 0-9.143 1.076-12.908 2.689-12.908 5.378-21.513 17.748-21.513 31.731v808.873c0 13.987 8.605 26.353 21.513 31.732 3.765 1.614 8.605 2.686 12.908 2.686 9.143 0 17.748-3.765 24.202-10.216l167.798-167.797 102.723 243.092c7.529 17.209 27.428 25.817 45.176 18.287l95.193-40.34c17.21-7.529 25.816-27.425 18.286-45.176l-108.101-256h205.446c13.983 0 26.354-8.602 31.733-21.51 5.379-12.372 2.686-27.429-7.529-37.11z"
        ],
        "attrs": [],
        "width": 663,
        "isMulticolor": false,
        "isMulticolor2": false,
        "grid": 0,
        "tags": [
          "cursor"
        ],
        "colorPermutations": {}
      },
      "attrs": [],
      "properties": {
        "order": 4,
        "id": 9,
        "name": "cursor",
        "prevSize": 32
      },
      "setIdx": 0,
      "setId": 2,
      "iconIdx": 2
    },
    {
      "icon": {
        "paths": [
          "M768 85.333h-128c-56.58 0-110.844 22.476-150.848 62.484-40.009 40.008-62.485 94.27-62.485 150.849v128h-128v170.667h128v341.333h170.667v-341.333h128l42.667-170.667h-170.667v-128c0-11.316 4.497-22.168 12.497-30.17s18.854-12.497 30.17-12.497h128v-170.667z"
        ],
        "attrs": [
          {
            "fill": "none",
            "strokeLinejoin": "round",
            "strokeLinecap": "round",
            "strokeMiterlimit": "4",
            "strokeWidth": 85.33333333333333
          }
        ],
        "isMulticolor": false,
        "isMulticolor2": false,
        "grid": 0,
        "tags": [
          "facebook"
        ],
        "colorPermutations": {}
      },
      "attrs": [
        {
          "fill": "none",
          "strokeLinejoin": "round",
          "strokeLinecap": "round",
          "strokeMiterlimit": "4",
          "strokeWidth": 85.33333333333333
        }
      ],
      "properties": {
        "order": 5,
        "id": 8,
        "name": "facebook",
        "prevSize": 32
      },
      "setIdx": 0,
      "setId": 2,
      "iconIdx": 3
    },
    {
      "icon": {
        "paths": [
          "M546.133 965.489c9.753 0 19.505-3.659 26.819-10.977l379.736-365.711c5.482-5.486 139.578-128 139.578-274.286 0-178.59-109.104-285.257-291.355-285.257-106.667 0-206.625 84.114-254.778 131.657-48.153-47.543-148.114-131.657-254.781-131.657-182.248 0-291.353 106.667-291.353 285.257 0 146.286 134.096 268.8 138.971 273.067l380.343 366.931c7.315 7.318 17.067 10.977 26.819 10.977z"
        ],
        "attrs": [],
        "width": 1092,
        "isMulticolor": false,
        "isMulticolor2": false,
        "grid": 0,
        "tags": [
          "heart"
        ],
        "colorPermutations": {}
      },
      "attrs": [],
      "properties": {
        "order": 6,
        "id": 7,
        "name": "heart",
        "prevSize": 32
      },
      "setIdx": 0,
      "setId": 2,
      "iconIdx": 4
    },
    {
      "icon": {
        "paths": [
          "M725.333 85.333h-426.667c-117.821 0-213.333 95.513-213.333 213.333v426.667c0 117.82 95.513 213.333 213.333 213.333h426.667c117.82 0 213.333-95.514 213.333-213.333v-426.667c0-117.821-95.514-213.333-213.333-213.333z",
          "M682.667 485.111c5.265 35.511-0.802 71.774-17.335 103.637s-42.692 57.702-74.756 73.843c-32.064 16.137-68.403 21.756-103.846 16.051-35.439-5.7-68.181-22.434-93.564-47.817s-42.117-58.125-47.82-93.568c-5.703-35.439-0.085-71.778 16.054-103.842 16.139-32.065 41.978-58.225 73.84-74.758 31.863-16.533 68.13-22.598 103.642-17.333 36.22 5.371 69.751 22.249 95.642 48.141 25.894 25.892 42.773 59.425 48.145 95.645z",
          "M746.667 277.333h0.427"
        ],
        "attrs": [
          {
            "fill": "none",
            "strokeLinejoin": "round",
            "strokeLinecap": "round",
            "strokeMiterlimit": "4",
            "strokeWidth": 85.33333333333333
          },
          {
            "fill": "none",
            "strokeLinejoin": "round",
            "strokeLinecap": "round",
            "strokeMiterlimit": "4",
            "strokeWidth": 85.33333333333333
          },
          {
            "fill": "none",
            "strokeLinejoin": "round",
            "strokeLinecap": "round",
            "strokeMiterlimit": "4",
            "strokeWidth": 85.33333333333333
          }
        ],
        "isMulticolor": false,
        "isMulticolor2": false,
        "grid": 0,
        "tags": [
          "instagram"
        ],
        "colorPermutations": {}
      },
      "attrs": [
        {
          "fill": "none",
          "strokeLinejoin": "round",
          "strokeLinecap": "round",
          "strokeMiterlimit": "4",
          "strokeWidth": 85.33333333333333
        },
        {
          "fill": "none",
          "strokeLinejoin": "round",
          "strokeLinecap": "round",
          "strokeMiterlimit": "4",
          "strokeWidth": 85.33333333333333
        },
        {
          "fill": "none",
          "strokeLinejoin": "round",
          "strokeLinecap": "round",
          "strokeMiterlimit": "4",
          "strokeWidth": 85.33333333333333
        }
      ],
      "properties": {
        "order": 7,
        "id": 6,
        "name": "instagram",
        "prevSize": 32
      },
      "setIdx": 0,
      "setId": 2,
      "iconIdx": 5
    },
    {
      "icon": {
        "paths": [
          "M89.118 970.351c-49.015 0-89.118-39.7-89.118-88.226l-0-308.452h224.322v-0.341h134.826c34.756-0.885 64.165-30.879 64.165-66.17 0-36.173-30.302-66.17-66.839-66.17l-356.474 0.054-0-88.283c-0-48.523 40.103-88.226 89.118-88.226h267.356c67.729 0 125.656 23.822 172.888 71.463 48.125 46.76 72.186 104.11 72.186 171.162 0 66.17-23.171 123.517-70.403 170.277s-104.269 71.464-171.108 72.346h-181.802v132.341c0 48.526-40.103 88.226-89.118 88.226z",
          "M713.884 162.139c98.458 94.677 148.070 212.594 148.070 346.633 0 131.789-47.536 249.594-144.475 344.567l-137.634-128.202c60.288-59.065 89.879-130.176 89.879-216.366 0-86.847-30.481-157.847-92.214-217.21l136.374-129.422z",
          "M924.601-0c141.813 140.175 213.174 313.981 213.174 513.462 0 196.366-68.486 370.062-207.972 510.538l-132.83-128.489c103.905-104.639 154.817-231.555 154.817-382.049 0-152.007-52.631-278.813-158.797-383.753l131.607-129.709z",
          "M0 750.527h178.237v131.61c0 48.526-40.103 88.226-89.118 88.226s-89.118-39.7-89.118-88.226l-0-131.61z"
        ],
        "attrs": [
          {
            "fill": "rgb(2, 188, 107)"
          },
          {
            "fill": "rgb(2, 137, 122)"
          },
          {
            "fill": "rgb(3, 91, 129)"
          },
          {
            "fill": "rgb(2, 142, 55)"
          }
        ],
        "width": 1138,
        "isMulticolor": true,
        "isMulticolor2": false,
        "grid": 0,
        "tags": [
          "logo"
        ],
        "colorPermutations": {
          "21371221214255121881071235886125525525513911291": [
            {
              "f": 4
            },
            {
              "f": 2
            },
            {
              "f": 1
            },
            {
              "f": 3
            }
          ]
        }
      },
      "attrs": [
        {
          "fill": "rgb(2, 188, 107)"
        },
        {
          "fill": "rgb(2, 137, 122)"
        },
        {
          "fill": "rgb(3, 91, 129)"
        },
        {
          "fill": "rgb(2, 142, 55)"
        }
      ],
      "properties": {
        "order": 8,
        "id": 5,
        "name": "logo",
        "prevSize": 32
      },
      "setIdx": 0,
      "setId": 2,
      "iconIdx": 6
    },
    {
      "icon": {
        "paths": [
          "M115.613 512h693.677",
          "M115.613 256h693.677",
          "M115.613 768h693.677"
        ],
        "attrs": [
          {
            "fill": "none",
            "strokeLinejoin": "round",
            "strokeLinecap": "round",
            "strokeMiterlimit": "4",
            "strokeWidth": 99.09677419354838
          },
          {
            "fill": "none",
            "strokeLinejoin": "round",
            "strokeLinecap": "round",
            "strokeMiterlimit": "4",
            "strokeWidth": 99.09677419354838
          },
          {
            "fill": "none",
            "strokeLinejoin": "round",
            "strokeLinecap": "round",
            "strokeMiterlimit": "4",
            "strokeWidth": 99.09677419354838
          }
        ],
        "width": 925,
        "isMulticolor": false,
        "isMulticolor2": false,
        "grid": 0,
        "tags": [
          "menu"
        ],
        "colorPermutations": {}
      },
      "attrs": [
        {
          "fill": "none",
          "strokeLinejoin": "round",
          "strokeLinecap": "round",
          "strokeMiterlimit": "4",
          "strokeWidth": 99.09677419354838
        },
        {
          "fill": "none",
          "strokeLinejoin": "round",
          "strokeLinecap": "round",
          "strokeMiterlimit": "4",
          "strokeWidth": 99.09677419354838
        },
        {
          "fill": "none",
          "strokeLinejoin": "round",
          "strokeLinecap": "round",
          "strokeMiterlimit": "4",
          "strokeWidth": 99.09677419354838
        }
      ],
      "properties": {
        "order": 9,
        "id": 4,
        "name": "menu",
        "prevSize": 32
      },
      "setIdx": 0,
      "setId": 2,
      "iconIdx": 7
    },
    {
      "icon": {
        "paths": [
          "M541.923 73.143h-425.559c-44.052 0-79.792 36.857-79.792 82.286v713.143c0 45.429 35.74 82.286 79.792 82.286h425.559c44.050 0 79.792-36.857 79.792-82.286v-713.143c0-45.429-35.741-82.286-79.792-82.286zM408.934 839.6c0 16.629-11.97 28.972-26.598 28.972h-107.884c-13.133 0-25.102-12.343-25.102-27.429s11.969-27.429 26.597-27.429h106.388c14.629 0 26.598 12.343 26.598 25.885zM515.324 731.429h-372.363v-548.571h372.363v548.571z"
        ],
        "attrs": [],
        "width": 658,
        "isMulticolor": false,
        "isMulticolor2": false,
        "grid": 0,
        "tags": [
          "mobile-screen"
        ],
        "colorPermutations": {}
      },
      "attrs": [],
      "properties": {
        "order": 10,
        "id": 3,
        "name": "mobile-screen",
        "prevSize": 32
      },
      "setIdx": 0,
      "setId": 2,
      "iconIdx": 8
    },
    {
      "icon": {
        "paths": [
          "M874.965 457.678c40.599 23.302 40.599 81.868 0 105.172l-756.545 434.235c-40.421 23.202-90.814-5.977-90.814-52.585v-868.474c0-46.606 50.393-75.786 90.814-52.585l756.545 434.237z"
        ],
        "attrs": [],
        "width": 916,
        "isMulticolor": false,
        "isMulticolor2": false,
        "grid": 0,
        "tags": [
          "play"
        ],
        "colorPermutations": {}
      },
      "attrs": [],
      "properties": {
        "order": 11,
        "id": 2,
        "name": "play",
        "prevSize": 32
      },
      "setIdx": 0,
      "setId": 2,
      "iconIdx": 9
    },
    {
      "icon": {
        "paths": [
          "M981.333 128.429c-40.858 28.82-86.097 50.863-133.973 65.28-25.698-29.546-59.849-50.488-97.835-59.993s-77.973-7.114-114.556 6.849c-36.582 13.963-67.998 38.825-89.988 71.222-21.995 32.398-33.506 70.768-32.981 109.922v42.667c-74.982 1.944-149.279-14.685-216.277-48.408s-124.616-83.491-167.723-144.872c0 0-170.667 384.002 213.333 554.668-87.871 59.644-192.548 89.553-298.667 85.333 384 213.333 853.333 0 853.333-490.668-0.038-11.885-1.182-23.74-3.413-35.413 43.546-42.944 74.274-97.164 88.747-156.587v0z"
        ],
        "attrs": [
          {
            "fill": "none",
            "strokeLinejoin": "round",
            "strokeLinecap": "round",
            "strokeMiterlimit": "4",
            "strokeWidth": 85.33333333333333
          }
        ],
        "isMulticolor": false,
        "isMulticolor2": false,
        "grid": 0,
        "tags": [
          "twitter"
        ],
        "colorPermutations": {}
      },
      "attrs": [
        {
          "fill": "none",
          "strokeLinejoin": "round",
          "strokeLinecap": "round",
          "strokeMiterlimit": "4",
          "strokeWidth": 85.33333333333333
        }
      ],
      "properties": {
        "order": 12,
        "id": 1,
        "name": "twitter",
        "prevSize": 32
      },
      "setIdx": 0,
      "setId": 2,
      "iconIdx": 10
    },
    {
      "icon": {
        "paths": [
          "M693.551 412.735l85.552 39.837 127.349-37.878v-88.816c0-150.857-127.349-271.674-279.513-271.674-151.51 0-279.51 120.163-279.51 269.714v404.898c0 37.223-30.041 66.612-66.612 66.612s-66.613-29.389-66.613-66.612v-171.102h-214.204c0 171.755 0 173.714 0 173.714 0 154.778 125.388 280.166 280.163 280.166 153.469 0 280.163-123.429 280.163-276.246v-399.676c0-36.571 30.041-66.612 66.613-66.612s66.612 30.041 66.612 66.612v77.062zM1039.675 557.714v179.595c0 36.571-30.040 65.953-66.611 65.953s-66.611-29.381-66.611-65.953v-176.33l-127.349 37.878-85.552-39.837v175.019c0 153.468 126.044 277.555 280.163 277.555 154.778 0 280.166-125.389 280.166-280.166 0 0 0-1.959 0-173.714h-214.206z"
        ],
        "attrs": [],
        "width": 1317,
        "isMulticolor": false,
        "isMulticolor2": false,
        "grid": 0,
        "tags": [
          "wave"
        ],
        "colorPermutations": {}
      },
      "attrs": [],
      "properties": {
        "order": 13,
        "id": 0,
        "name": "wave",
        "prevSize": 32
      },
      "setIdx": 0,
      "setId": 2,
      "iconIdx": 11
    }
  ],
  "height": 1024,
  "preferences": {
    "showGlyphs": true,
    "showQuickUse": true,
    "showQuickUse2": true,
    "showSVGs": true,
    "fontPref": {
      "prefix": "icon-",
      "metadata": {
        "fontFamily": "icomoon"
      },
      "metrics": {
        "emSize": 1024,
        "baseline": 6.25,
        "whitespace": 50
      },
      "embed": false,
      "hideFormats": true
    },
    "imagePref": {
      "prefix": "icon-",
      "png": false,
      "useClassSelector": true,
      "color": 0,
      "bgColor": 16777215,
      "classSelector": ".icon",
      "name": "icomoon",
      "height": 32,
      "columns": 16,
      "margin": 16,
      "sprite": true
    },
    "historySize": 50,
    "showCodes": true,
    "gridSize": 16
  }
}